horizon,avaliability,features_type,rmse,target_name,model,rmse_naive,rel_rmse_naive
1,1,d12,0.013667975543904354,gdp_log_d4,gb,0.02123136973148321,0.6437632482861725
1,1,rolling,0.02197754831047538,gdp_log_d4,gb,0.02123136973148321,1.0351450984288446
1,2,d12,0.012233352065317143,gdp_log_d4,gb,0.02123136973148321,0.5761923144872165
1,2,rolling,0.01594106529850387,gdp_log_d4,gb,0.02123136973148321,0.7508260418481365
1,3,d12,0.009165116886758936,gdp_log_d4,gb,0.02123136973148321,0.43167807836572714
1,3,rolling,0.013420220424493746,gdp_log_d4,gb,0.02123136973148321,0.6320939531561828
2,1,d12,0.025663792638049267,gdp_log_d4,gb,0.03720575352968727,0.6897802141696062
2,1,rolling,0.030253880844800372,gdp_log_d4,gb,0.03720575352968727,0.8131506010397063
2,2,d12,0.02993674039663243,gdp_log_d4,gb,0.03720575352968727,0.8046266385317331
2,2,rolling,0.03400935666572775,gdp_log_d4,gb,0.03720575352968727,0.9140886405805746
2,3,d12,0.022360134566060508,gdp_log_d4,gb,0.03720575352968727,0.6009859348291086
2,3,rolling,0.02790495156304682,gdp_log_d4,gb,0.03720575352968727,0.7500171053055239
3,1,d12,0.03255467972323679,gdp_log_d4,gb,0.0499490442140777,0.6517578110946424
3,1,rolling,0.02898332901275356,gdp_log_d4,gb,0.0499490442140777,0.5802579302325241
3,2,d12,0.028569555305349693,gdp_log_d4,gb,0.0499490442140777,0.5719740138150154
3,2,rolling,0.02991394055836932,gdp_log_d4,gb,0.0499490442140777,0.598889148512242
3,3,d12,0.03154840159612072,gdp_log_d4,gb,0.0499490442140777,0.631611717351522
3,3,rolling,0.031318899230868925,gdp_log_d4,gb,0.0499490442140777,0.6270169874850572
4,1,d12,0.025486001749012867,gdp_log_d4,gb,0.059486449780138693,0.4284337331141607
4,1,rolling,0.029887413452365362,gdp_log_d4,gb,0.059486449780138693,0.5024238891853344
4,2,d12,0.024766337937148296,gdp_log_d4,gb,0.059486449780138693,0.4163357878758007
4,2,rolling,0.02713748889215449,gdp_log_d4,gb,0.059486449780138693,0.45619614201981074
4,3,d12,0.028555396259607065,gdp_log_d4,gb,0.059486449780138693,0.4800319461851819
4,3,rolling,0.02654500796937704,gdp_log_d4,gb,0.059486449780138693,0.44623621122939955
5,1,d12,0.029188607072347616,gdp_log_d4,gb,0.06857679178703187,0.425633896129088
5,1,rolling,0.025537960407319753,gdp_log_d4,gb,0.06857679178703187,0.37239946258537393
5,2,d12,0.03080694285777546,gdp_log_d4,gb,0.06857679178703187,0.44923278058045824
5,2,rolling,0.02590076601576607,gdp_log_d4,gb,0.06857679178703187,0.3776899639196012
5,3,d12,0.030339172053902106,gdp_log_d4,gb,0.06857679178703187,0.44241165652837317
5,3,rolling,0.026804611319778925,gdp_log_d4,gb,0.06857679178703187,0.39087001041141994
6,1,d12,0.026222386029837334,gdp_log_d4,gb,0.0620798476173852,0.4223977190062217
6,1,rolling,0.02139774051827954,gdp_log_d4,gb,0.0620798476173852,0.34468094461441934
6,2,d12,0.027802391337508916,gdp_log_d4,gb,0.0620798476173852,0.4478488979042367
6,2,rolling,0.021438589149531607,gdp_log_d4,gb,0.0620798476173852,0.34533894608864696
6,3,d12,0.03231868063831082,gdp_log_d4,gb,0.0620798476173852,0.5205985819665594
6,3,rolling,0.022910111685414323,gdp_log_d4,gb,0.0620798476173852,0.36904265336821546
1,1,d12,0.012383243367764573,gdp_log_d4,ngb,0.02123136973148321,0.5832522123809054
1,1,rolling,0.018388233945770497,gdp_log_d4,ngb,0.02123136973148321,0.8660879716348807
1,2,d12,0.007091227442066868,gdp_log_d4,ngb,0.02123136973148321,0.3339976427216351
1,2,rolling,0.022499364559383,gdp_log_d4,ngb,0.02123136973148321,1.0597227048436506
1,3,d12,0.016208964647347897,gdp_log_d4,ngb,0.02123136973148321,0.7634441325428112
1,3,rolling,0.008825726346224281,gdp_log_d4,ngb,0.02123136973148321,0.4156927441726446
2,1,d12,0.02585365424626152,gdp_log_d4,ngb,0.03720575352968727,0.6948832315849304
2,1,rolling,0.020785051362140185,gdp_log_d4,ngb,0.03720575352968727,0.5586515361274795
2,2,d12,0.02750688491335148,gdp_log_d4,ngb,0.03720575352968727,0.739318043683839
2,2,rolling,0.021308883466116806,gdp_log_d4,ngb,0.03720575352968727,0.5727308667223737
2,3,d12,0.022315475574179417,gdp_log_d4,ngb,0.03720575352968727,0.599785609942651
2,3,rolling,0.027819775794487238,gdp_log_d4,ngb,0.03720575352968727,0.7477277881844065
3,1,d12,0.026716251639885866,gdp_log_d4,ngb,0.0499490442140777,0.5348701273518288
3,1,rolling,0.022656856646700547,gdp_log_d4,ngb,0.0499490442140777,0.4535994032157058
3,2,d12,0.013218870866736402,gdp_log_d4,ngb,0.0499490442140777,0.2646471233780041
3,2,rolling,0.019085045962464738,gdp_log_d4,ngb,0.0499490442140777,0.3820903134936421
3,3,d12,0.02217540882603334,gdp_log_d4,ngb,0.0499490442140777,0.44396062377072265
3,3,rolling,0.02151763746509605,gdp_log_d4,ngb,0.0499490442140777,0.4307917759721916
4,1,d12,0.026741281594023416,gdp_log_d4,ngb,0.059486449780138693,0.4495356790136059
4,1,rolling,0.028258860581606614,gdp_log_d4,ngb,0.059486449780138693,0.47504701803605814
4,2,d12,0.025152326375074398,gdp_log_d4,ngb,0.059486449780138693,0.42282446621099656
4,2,rolling,0.029777984872150543,gdp_log_d4,ngb,0.059486449780138693,0.5005843344527984
4,3,d12,0.02522283401612455,gdp_log_d4,ngb,0.059486449780138693,0.42400973850932244
4,3,rolling,0.02422677220329875,gdp_log_d4,ngb,0.059486449780138693,0.40726539056945993
5,1,d12,0.02833078811187742,gdp_log_d4,ngb,0.06857679178703187,0.4131250146530605
5,1,rolling,0.029294645095808397,gdp_log_d4,ngb,0.06857679178703187,0.4271801630321838
5,2,d12,0.030159839630853745,gdp_log_d4,ngb,0.06857679178703187,0.4397965965587367
5,2,rolling,0.023336989504090903,gdp_log_d4,ngb,0.06857679178703187,0.34030448050945444
5,3,d12,0.02833083790723138,gdp_log_d4,ngb,0.06857679178703187,0.41312574077851294
5,3,rolling,0.02963542592801375,gdp_log_d4,ngb,0.06857679178703187,0.43214949483270987
6,1,d12,0.025267829809064175,gdp_log_d4,ngb,0.0620798476173852,0.40702145348030827
6,1,rolling,0.030940127949728027,gdp_log_d4,ngb,0.0620798476173852,0.49839245966614415
6,2,d12,0.03081021034937614,gdp_log_d4,ngb,0.0620798476173852,0.49629970967821563
6,2,rolling,0.023502799036565224,gdp_log_d4,ngb,0.0620798476173852,0.3785898312995112
6,3,d12,0.025771811571864697,gdp_log_d4,ngb,0.0620798476173852,0.4151397363392917
6,3,rolling,0.024270363221208655,gdp_log_d4,ngb,0.0620798476173852,0.3909539754477722
1,1,d12,0.0269633706248066,gdp_log_d4,tabnet,0.02123136973148321,1.2699779131453595
1,1,rolling,0.03763621832712512,gdp_log_d4,tabnet,0.02123136973148321,1.7726702894404296
1,2,d12,0.02401286455025891,gdp_log_d4,tabnet,0.02123136973148321,1.1310087316058146
1,2,rolling,0.031185399015394594,gdp_log_d4,tabnet,0.02123136973148321,1.4688359446329515
1,3,d12,0.05714142846572901,gdp_log_d4,tabnet,0.02123136973148321,2.691367970526937
1,3,rolling,0.09864284440620523,gdp_log_d4,tabnet,0.02123136973148321,4.646089520071397
2,1,d12,0.07322980000166819,gdp_log_d4,tabnet,0.03720575352968727,1.9682385936152742
2,1,rolling,0.049408940001177314,gdp_log_d4,tabnet,0.03720575352968727,1.3279919182863174
2,2,d12,0.03093349349857453,gdp_log_d4,tabnet,0.03720575352968727,0.8314169332410384
2,2,rolling,0.03776601078800494,gdp_log_d4,tabnet,0.03720575352968727,1.015058349990698
2,3,d12,0.03188345265669257,gdp_log_d4,tabnet,0.03720575352968727,0.8569495207576452
2,3,rolling,0.07695044740750656,gdp_log_d4,tabnet,0.03720575352968727,2.0682405302208475
3,1,d12,0.040191182108414276,gdp_log_d4,tabnet,0.0499490442140777,0.8046436671772539
3,1,rolling,0.03829510437619712,gdp_log_d4,tabnet,0.0499490442140777,0.7666834266551187
3,2,d12,0.03548585616287679,gdp_log_d4,tabnet,0.0499490442140777,0.7104411449954314
3,2,rolling,0.043126185312745716,gdp_log_d4,tabnet,0.0499490442140777,0.8634036144497632
3,3,d12,0.036242133357970906,gdp_log_d4,tabnet,0.0499490442140777,0.7255821193022224
3,3,rolling,0.038189983804548626,gdp_log_d4,tabnet,0.0499490442140777,0.7645788704358254
4,1,d12,0.032136812477746225,gdp_log_d4,tabnet,0.059486449780138693,0.5402375263026042
4,1,rolling,0.03344882370559354,gdp_log_d4,tabnet,0.059486449780138693,0.5622931580085893
4,2,d12,0.03407088242359462,gdp_log_d4,tabnet,0.059486449780138693,0.5727503078351499
4,2,rolling,0.0346481514996125,gdp_log_d4,tabnet,0.059486449780138693,0.5824545190992522
4,3,d12,0.03462166797802271,gdp_log_d4,tabnet,0.059486449780138693,0.582009316507945
4,3,rolling,0.03832197984028114,gdp_log_d4,tabnet,0.059486449780138693,0.6442135979188334
5,1,d12,0.035982799100680876,gdp_log_d4,tabnet,0.06857679178703187,0.5247081142615564
5,1,rolling,0.032936838362977956,gdp_log_d4,tabnet,0.06857679178703187,0.4802913274984444
5,2,d12,0.0344088598519291,gdp_log_d4,tabnet,0.06857679178703187,0.5017566286680086
5,2,rolling,0.032936838362977956,gdp_log_d4,tabnet,0.06857679178703187,0.4802913274984444
5,3,d12,0.040196560421740885,gdp_log_d4,tabnet,0.06857679178703187,0.5861539942926027
5,3,rolling,0.03466778147494432,gdp_log_d4,tabnet,0.06857679178703187,0.505532273697005
6,1,d12,0.05587633918706118,gdp_log_d4,tabnet,0.0620798476173852,0.9000721060309634
6,1,rolling,0.05587633918706118,gdp_log_d4,tabnet,0.0620798476173852,0.9000721060309634
6,2,d12,0.05587633918706118,gdp_log_d4,tabnet,0.0620798476173852,0.9000721060309634
6,2,rolling,0.05587633918706118,gdp_log_d4,tabnet,0.0620798476173852,0.9000721060309634
6,3,d12,0.05587633918706118,gdp_log_d4,tabnet,0.0620798476173852,0.9000721060309634
6,3,rolling,0.05587633918706118,gdp_log_d4,tabnet,0.0620798476173852,0.9000721060309634
1,1,d12,0.01708450742563763,cons_log_d4,gb,0.03060899086149272,0.5581532401034036
1,1,rolling,0.041816607698713947,cons_log_d4,gb,0.03060899086149272,1.3661544050222458
1,2,d12,0.015905032905337367,cons_log_d4,gb,0.03060899086149272,0.5196196430424143
1,2,rolling,0.026531893923315692,cons_log_d4,gb,0.03060899086149272,0.8668006744611051
1,3,d12,0.01390161298570293,cons_log_d4,gb,0.03060899086149272,0.4541676348824583
1,3,rolling,0.019619215410570476,cons_log_d4,gb,0.03060899086149272,0.6409625034470574
2,1,d12,0.04602155733509062,cons_log_d4,gb,0.05792738456002059,0.7944697949793689
2,1,rolling,0.04562963664768989,cons_log_d4,gb,0.05792738456002059,0.7877040711273858
2,2,d12,0.06369324100698537,cons_log_d4,gb,0.05792738456002059,1.0995359360820196
2,2,rolling,0.04670140973187699,cons_log_d4,gb,0.05792738456002059,0.8062060817451204
2,3,d12,0.05465698022348017,cons_log_d4,gb,0.05792738456002059,0.9435430347601516
2,3,rolling,0.06246986081911232,cons_log_d4,gb,0.05792738456002059,1.0784167331840282
3,1,d12,0.05461770236358277,cons_log_d4,gb,0.0741242677227664,0.7368396888298376
3,1,rolling,0.036167557249107404,cons_log_d4,gb,0.0741242677227664,0.48793139359404375
3,2,d12,0.06275185600051622,cons_log_d4,gb,0.0741242677227664,0.8465764037658442
3,2,rolling,0.06014137048198356,cons_log_d4,gb,0.0741242677227664,0.8113587132748408
3,3,d12,0.04285260834269898,cons_log_d4,gb,0.0741242677227664,0.5781184713078428
3,3,rolling,0.042124197926215946,cons_log_d4,gb,0.0741242677227664,0.5682915895205262
4,1,d12,0.04744191497464762,cons_log_d4,gb,0.08586738334517736,0.5525021623628192
4,1,rolling,0.04733496765034065,cons_log_d4,gb,0.08586738334517736,0.5512566682049612
4,2,d12,0.04456085798398046,cons_log_d4,gb,0.08586738334517736,0.5189497600602402
4,2,rolling,0.045872710502979384,cons_log_d4,gb,0.08586738334517736,0.5342274180939715
4,3,d12,0.04810875554320799,cons_log_d4,gb,0.08586738334517736,0.5602680979553799
4,3,rolling,0.045292968575814184,cons_log_d4,gb,0.08586738334517736,0.5274758215670957
5,1,d12,0.03851031380694466,cons_log_d4,gb,0.11373014489491921,0.3386113140234386
5,1,rolling,0.04232945065931733,cons_log_d4,gb,0.11373014489491921,0.37219200501703004
5,2,d12,0.05733246369212701,cons_log_d4,gb,0.11373014489491921,0.5041096513602374
5,2,rolling,0.03928011358183055,cons_log_d4,gb,0.11373014489491921,0.34537996604262966
5,3,d12,0.03762509532254954,cons_log_d4,gb,0.11373014489491921,0.33082781488859603
5,3,rolling,0.047177444552811386,cons_log_d4,gb,0.11373014489491921,0.41481917214122
6,1,d12,0.04155895547764407,cons_log_d4,gb,0.1026834217086229,0.40472896974131645
6,1,rolling,0.038314494600956685,cons_log_d4,gb,0.1026834217086229,0.373132234623802
6,2,d12,0.05357472868510764,cons_log_d4,gb,0.1026834217086229,0.5217466246609181
6,2,rolling,0.03918068499365932,cons_log_d4,gb,0.1026834217086229,0.3815677773656534
6,3,d12,0.053576547492760744,cons_log_d4,gb,0.1026834217086229,0.5217643374291804
6,3,rolling,0.036843293600922825,cons_log_d4,gb,0.1026834217086229,0.358804692986082
1,1,d12,0.016196332454641957,cons_log_d4,ngb,0.03060899086149272,0.5291364399411665
1,1,rolling,0.03399034679687492,cons_log_d4,ngb,0.03060899086149272,1.1104693699535215
1,2,d12,0.016418247519631543,cons_log_d4,ngb,0.03060899086149272,0.5363864360613837
1,2,rolling,0.019041546720998698,cons_log_d4,ngb,0.03060899086149272,0.6220899868003715
1,3,d12,0.014916834074648694,cons_log_d4,ngb,0.03060899086149272,0.48733504943525074
1,3,rolling,0.01671861083044141,cons_log_d4,ngb,0.03060899086149272,0.5461993473124938
2,1,d12,0.029605248889821356,cons_log_d4,ngb,0.05792738456002059,0.5110751868858557
2,1,rolling,0.03155105167516875,cons_log_d4,ngb,0.05792738456002059,0.5446655656009741
2,2,d12,0.041777973443989355,cons_log_d4,ngb,0.05792738456002059,0.7212128384754146
2,2,rolling,0.050788579720032395,cons_log_d4,ngb,0.05792738456002059,0.8767628662296771
2,3,d12,0.035065127948003434,cons_log_d4,ngb,0.05792738456002059,0.6053290376276392
2,3,rolling,0.047576543919603975,cons_log_d4,ngb,0.05792738456002059,0.8213135165857222
3,1,d12,0.03915101416513086,cons_log_d4,ngb,0.0741242677227664,0.5281807883965927
3,1,rolling,0.039253369754782365,cons_log_d4,ngb,0.0741242677227664,0.5295616531632347
3,2,d12,0.03628186431358684,cons_log_d4,ngb,0.0741242677227664,0.48947349401528445
3,2,rolling,0.041510038239641014,cons_log_d4,ngb,0.0741242677227664,0.5600060481527253
3,3,d12,0.04104438170906962,cons_log_d4,ngb,0.0741242677227664,0.5537239418348185
3,3,rolling,0.039700601021355,cons_log_d4,ngb,0.0741242677227664,0.5355951868535145
4,1,d12,0.04001718469447876,cons_log_d4,ngb,0.08586738334517736,0.4660347519105608
4,1,rolling,0.04229729095589812,cons_log_d4,ngb,0.08586738334517736,0.492588562829121
4,2,d12,0.04023819863979771,cons_log_d4,ngb,0.08586738334517736,0.4686086505983839
4,2,rolling,0.03753626665779975,cons_log_d4,ngb,0.08586738334517736,0.4371423140601376
4,3,d12,0.038847772949949226,cons_log_d4,ngb,0.08586738334517736,0.4524159399825366
4,3,rolling,0.03951070947415338,cons_log_d4,ngb,0.08586738334517736,0.4601364095994949
5,1,d12,0.04422669112007177,cons_log_d4,ngb,0.11373014489491921,0.38887395387506934
5,1,rolling,0.047610724830416194,cons_log_d4,ngb,0.11373014489491921,0.4186288945152233
5,2,d12,0.0400556573080848,cons_log_d4,ngb,0.11373014489491921,0.3521991231532692
5,2,rolling,0.04496715288264646,cons_log_d4,ngb,0.11373014489491921,0.39538464427521647
5,3,d12,0.03952786901990209,cons_log_d4,ngb,0.11373014489491921,0.34755841607714294
5,3,rolling,0.03230585699660885,cons_log_d4,ngb,0.11373014489491921,0.284057116312107
6,1,d12,0.04693022930481514,cons_log_d4,ngb,0.1026834217086229,0.45703803519506353
6,1,rolling,0.04251095254238851,cons_log_d4,ngb,0.1026834217086229,0.4140001553806677
6,2,d12,0.04152110452977662,cons_log_d4,ngb,0.1026834217086229,0.40436035183554725
6,2,rolling,0.04405749128059425,cons_log_d4,ngb,0.1026834217086229,0.4290613864194448
6,3,d12,0.04324077597999276,cons_log_d4,ngb,0.1026834217086229,0.421107665292786
6,3,rolling,0.03565695373335403,cons_log_d4,ngb,0.1026834217086229,0.34725132002841813
1,1,d12,0.03474388118194838,cons_log_d4,tabnet,0.03060899086149272,1.1350874433974727
1,1,rolling,0.06532950705999666,cons_log_d4,tabnet,0.03060899086149272,2.134324106129996
1,2,d12,0.03455488619781044,cons_log_d4,tabnet,0.03060899086149272,1.1289129509095253
1,2,rolling,0.06385816252907366,cons_log_d4,tabnet,0.03060899086149272,2.086255075119437
1,3,d12,0.2844511527823015,cons_log_d4,tabnet,0.03060899086149272,9.293058829330826
1,3,rolling,0.17155529148362086,cons_log_d4,tabnet,0.03060899086149272,5.6047352968909525
2,1,d12,0.05871902818956947,cons_log_d4,tabnet,0.05792738456002059,1.013666137968453
2,1,rolling,0.05264411081420537,cons_log_d4,tabnet,0.05792738456002059,0.9087948854251993
2,2,d12,0.0792036441588037,cons_log_d4,tabnet,0.05792738456002059,1.3672919079703665
2,2,rolling,0.07477658450649707,cons_log_d4,tabnet,0.05792738456002059,1.2908676107932757
2,3,d12,0.04620834700674146,cons_log_d4,tabnet,0.05792738456002059,0.7976943436633734
2,3,rolling,0.05551807182815395,cons_log_d4,tabnet,0.05792738456002059,0.9584080525960866
3,1,d12,0.05971416566629003,cons_log_d4,tabnet,0.0741242677227664,0.8055953535976657
3,1,rolling,0.05378199066803613,cons_log_d4,tabnet,0.0741242677227664,0.7255652206803201
3,2,d12,0.0504383520107667,cons_log_d4,tabnet,0.0741242677227664,0.6804566650076349
3,2,rolling,0.06531771353524529,cons_log_d4,tabnet,0.0741242677227664,0.8811920244465865
3,3,d12,0.06903795366396162,cons_log_d4,tabnet,0.0741242677227664,0.9313812572445478
3,3,rolling,0.05880828600952437,cons_log_d4,tabnet,0.0741242677227664,0.7933742594189851
4,1,d12,0.07563409710419482,cons_log_d4,tabnet,0.08586738334517736,0.8808245244897487
4,1,rolling,0.04706325259690526,cons_log_d4,tabnet,0.08586738334517736,0.548092311229704
4,2,d12,0.051533084958737416,cons_log_d4,tabnet,0.08586738334517736,0.6001473778650053
4,2,rolling,0.06162726087466465,cons_log_d4,tabnet,0.08586738334517736,0.7177027932355862
4,3,d12,0.05221120698712406,cons_log_d4,tabnet,0.08586738334517736,0.6080446958217044
4,3,rolling,0.08983518463889427,cons_log_d4,tabnet,0.08586738334517736,1.046208480323277
5,1,d12,0.08999669841302615,cons_log_d4,tabnet,0.11373014489491921,0.791317891102473
5,1,rolling,0.1120425053302801,cons_log_d4,tabnet,0.11373014489491921,0.9851610180731027
5,2,d12,0.07173164560587095,cons_log_d4,tabnet,0.11373014489491921,0.6307179655151877
5,2,rolling,0.1120425053302801,cons_log_d4,tabnet,0.11373014489491921,0.9851610180731027
5,3,d12,0.058326514762179926,cons_log_d4,tabnet,0.11373014489491921,0.5128500875125994
5,3,rolling,0.047343226963726434,cons_log_d4,tabnet,0.11373014489491921,0.41627685436846257
6,1,d12,0.049987945132247545,cons_log_d4,tabnet,0.1026834217086229,0.48681612182825984
6,1,rolling,0.049987945132247545,cons_log_d4,tabnet,0.1026834217086229,0.48681612182825984
6,2,d12,0.049987945132247545,cons_log_d4,tabnet,0.1026834217086229,0.48681612182825984
6,2,rolling,0.049987945132247545,cons_log_d4,tabnet,0.1026834217086229,0.48681612182825984
6,3,d12,0.049987945132247545,cons_log_d4,tabnet,0.1026834217086229,0.48681612182825984
6,3,rolling,0.049987945132247545,cons_log_d4,tabnet,0.1026834217086229,0.48681612182825984
1,1,d12,0.1304565452521193,inv_log_d4,gb,0.14667501142462544,0.889425840059739
1,1,rolling,0.13698508553551442,inv_log_d4,gb,0.14667501142462544,0.9339360822610839
1,2,d12,0.1303574889045691,inv_log_d4,gb,0.14667501142462544,0.8887504942964214
1,2,rolling,0.21427726560608168,inv_log_d4,gb,0.14667501142462544,1.4608982370265315
1,3,d12,0.11866179483358832,inv_log_d4,gb,0.14667501142462544,0.8090116624573588
1,3,rolling,0.13783184704099405,inv_log_d4,gb,0.14667501142462544,0.9397091276984438
2,1,d12,0.11440281752692026,inv_log_d4,gb,0.1415110562865394,0.8084373089214395
2,1,rolling,0.14377269016525565,inv_log_d4,gb,0.1415110562865394,1.0159820295181514
2,2,d12,0.13307008059462053,inv_log_d4,gb,0.1415110562865394,0.940351122283851
2,2,rolling,0.1216079488426976,inv_log_d4,gb,0.1415110562865394,0.8593529865006386
2,3,d12,0.11267951640056903,inv_log_d4,gb,0.1415110562865394,0.7962594539073281
2,3,rolling,0.11817828931540231,inv_log_d4,gb,0.1415110562865394,0.8351170036926895
3,1,d12,0.11763538872234612,inv_log_d4,gb,0.15984665446365498,0.7359264985373427
3,1,rolling,0.10944485579933289,inv_log_d4,gb,0.15984665446365498,0.6846865589183653
3,2,d12,0.12774628389386133,inv_log_d4,gb,0.15984665446365498,0.7991802163298173
3,2,rolling,0.12749657081415217,inv_log_d4,gb,0.15984665446365498,0.7976180123503405
3,3,d12,0.14386616519781242,inv_log_d4,gb,0.15984665446365498,0.9000261261678385
3,3,rolling,0.10053690470677067,inv_log_d4,gb,0.15984665446365498,0.6289584542392169
4,1,d12,0.10819840756030641,inv_log_d4,gb,0.19430044000930713,0.5568613614828851
4,1,rolling,0.11537340904661371,inv_log_d4,gb,0.19430044000930713,0.5937887173136985
4,2,d12,0.12670143948497084,inv_log_d4,gb,0.19430044000930713,0.6520903374120087
4,2,rolling,0.11560099865169116,inv_log_d4,gb,0.19430044000930713,0.5949600456188044
4,3,d12,0.11276345701673578,inv_log_d4,gb,0.19430044000930713,0.5803561587988907
4,3,rolling,0.15455764467854632,inv_log_d4,gb,0.19430044000930713,0.7954569977872562
5,1,d12,0.11715205369987622,inv_log_d4,gb,0.1544679384097564,0.7584231064773294
5,1,rolling,0.12820888416059079,inv_log_d4,gb,0.1544679384097564,0.8300032063643632
5,2,d12,0.0987568845343178,inv_log_d4,gb,0.1544679384097564,0.6393358100782434
5,2,rolling,0.1404694250919914,inv_log_d4,gb,0.1544679384097564,0.9093759296467646
5,3,d12,0.1046357965150526,inv_log_d4,gb,0.1544679384097564,0.677394918274145
5,3,rolling,0.14157241848158444,inv_log_d4,gb,0.1544679384097564,0.9165165272422807
6,1,d12,0.13324465173379307,inv_log_d4,gb,0.16861789729322252,0.7902165420915183
6,1,rolling,0.13659468448442275,inv_log_d4,gb,0.16861789729322252,0.8100841409906081
6,2,d12,0.08175689134736873,inv_log_d4,gb,0.16861789729322252,0.4848648492229472
6,2,rolling,0.15096169195162293,inv_log_d4,gb,0.16861789729322252,0.8952886637478591
6,3,d12,0.09538571016806985,inv_log_d4,gb,0.16861789729322252,0.5656914936034125
6,3,rolling,0.12796718900900889,inv_log_d4,gb,0.16861789729322252,0.7589181875899982
1,1,d12,0.10698611540911042,inv_log_d4,ngb,0.14667501142462544,0.7294092863533835
1,1,rolling,0.14191297077565873,inv_log_d4,ngb,0.14667501142462544,0.967533388252614
1,2,d12,0.11696469072399135,inv_log_d4,ngb,0.14667501142462544,0.7974411563901471
1,2,rolling,0.12831012079065368,inv_log_d4,ngb,0.14667501142462544,0.8747919604328154
1,3,d12,0.12083637402527397,inv_log_d4,ngb,0.14667501142462544,0.8238374952325834
1,3,rolling,0.12937183559635393,inv_log_d4,ngb,0.14667501142462544,0.8820305131718813
2,1,d12,0.14200437083914277,inv_log_d4,ngb,0.1415110562865394,1.0034860495395108
2,1,rolling,0.14803568618821072,inv_log_d4,ngb,0.1415110562865394,1.0461068560498898
2,2,d12,0.13844704251766238,inv_log_d4,ngb,0.1415110562865394,0.9783478842623233
2,2,rolling,0.1384842723018298,inv_log_d4,ngb,0.1415110562865394,0.9786109717209601
2,3,d12,0.11768201400154589,inv_log_d4,ngb,0.1415110562865394,0.831610031680188
2,3,rolling,0.1614409044020736,inv_log_d4,ngb,0.1415110562865394,1.1408359787462765
3,1,d12,0.1467055750775005,inv_log_d4,ngb,0.15984665446365498,0.9177894624679654
3,1,rolling,0.16858527929282735,inv_log_d4,ngb,0.15984665446365498,1.0546688002854592
3,2,d12,0.14216945746546344,inv_log_d4,ngb,0.15984665446365498,0.8894115297094887
3,2,rolling,0.12647143853337856,inv_log_d4,ngb,0.15984665446365498,0.7912047891007622
3,3,d12,0.1296013874398305,inv_log_d4,ngb,0.15984665446365498,0.8107857363339345
3,3,rolling,0.14754714843793426,inv_log_d4,ngb,0.15984665446365498,0.9230543418816607
4,1,d12,0.12039087306053657,inv_log_d4,ngb,0.19430044000930713,0.6196119424884975
4,1,rolling,0.11072918699382359,inv_log_d4,ngb,0.19430044000930713,0.5698864448712498
4,2,d12,0.16634530696423647,inv_log_d4,ngb,0.19430044000930713,0.856124190744336
4,2,rolling,0.1552974511057167,inv_log_d4,ngb,0.19430044000930713,0.7992645363967155
4,3,d12,0.13359579065872287,inv_log_d4,ngb,0.19430044000930713,0.6875732790534265
4,3,rolling,0.1284250443570994,inv_log_d4,ngb,0.19430044000930713,0.6609611607207259
5,1,d12,0.1084776789222579,inv_log_d4,ngb,0.1544679384097564,0.7022666324095015
5,1,rolling,0.1332659962798228,inv_log_d4,ngb,0.1544679384097564,0.8627421175668747
5,2,d12,0.1008099356895604,inv_log_d4,ngb,0.1544679384097564,0.6526269252208334
5,2,rolling,0.1190086895156262,inv_log_d4,ngb,0.1544679384097564,0.7704426610519808
5,3,d12,0.11800312839338738,inv_log_d4,ngb,0.1544679384097564,0.7639328239130182
5,3,rolling,0.10560928894481915,inv_log_d4,ngb,0.1544679384097564,0.683697147978177
6,1,d12,0.12400756189637245,inv_log_d4,ngb,0.16861789729322252,0.7354353475344687
6,1,rolling,0.15431691652916635,inv_log_d4,ngb,0.16861789729322252,0.915187053132402
6,2,d12,0.10494212630401771,inv_log_d4,ngb,0.16861789729322252,0.6223664746662441
6,2,rolling,0.12108800766286203,inv_log_d4,ngb,0.16861789729322252,0.7181207309938924
6,3,d12,0.11235529094492251,inv_log_d4,ngb,0.16861789729322252,0.6663307558007281
6,3,rolling,0.12607915807665004,inv_log_d4,ngb,0.16861789729322252,0.7477210907060559
1,1,d12,0.09652313019894153,inv_log_d4,tabnet,0.14667501142462544,0.658074809481393
1,1,rolling,0.20776247171821985,inv_log_d4,tabnet,0.14667501142462544,1.4164817149169717
1,2,d12,0.12911509212449843,inv_log_d4,tabnet,0.14667501142462544,0.8802800890924024
1,2,rolling,0.13975262660086235,inv_log_d4,tabnet,0.14667501142462544,0.9528046068888809
1,3,d12,0.12089062756226919,inv_log_d4,tabnet,0.14667501142462544,0.8242073846668385
1,3,rolling,0.8175831570227144,inv_log_d4,tabnet,0.14667501142462544,5.574113470874763
2,1,d12,0.08913504261219032,inv_log_d4,tabnet,0.1415110562865394,0.6298804132427983
2,1,rolling,0.13321323632065613,inv_log_d4,tabnet,0.1415110562865394,0.9413627444835024
2,2,d12,0.11020860452564706,inv_log_d4,tabnet,0.1415110562865394,0.7787985435038418
2,2,rolling,0.10828471279136678,inv_log_d4,tabnet,0.1415110562865394,0.7652031977777476
2,3,d12,0.1268080689758713,inv_log_d4,tabnet,0.1415110562865394,0.896100080824097
2,3,rolling,0.14461712695594128,inv_log_d4,tabnet,0.1415110562865394,1.021949314427507
3,1,d12,0.11994157224963398,inv_log_d4,tabnet,0.15984665446365498,0.7503539730129641
3,1,rolling,0.11336676972456472,inv_log_d4,tabnet,0.15984665446365498,0.7092220359878811
3,2,d12,0.09658078899846764,inv_log_d4,tabnet,0.15984665446365498,0.6042090109582345
3,2,rolling,0.1153450698934986,inv_log_d4,tabnet,0.15984665446365498,0.7215982735486347
3,3,d12,0.14488729685047996,inv_log_d4,tabnet,0.15984665446365498,0.906414321504762
3,3,rolling,0.1568980180625593,inv_log_d4,tabnet,0.15984665446365498,0.9815533430399938
4,1,d12,0.12547805724599284,inv_log_d4,tabnet,0.19430044000930713,0.6457939942904007
4,1,rolling,0.14326358462871822,inv_log_d4,tabnet,0.19430044000930713,0.7373302120255404
4,2,d12,0.10811310316143734,inv_log_d4,tabnet,0.19430044000930713,0.5564223280001767
4,2,rolling,0.1362542770513119,inv_log_d4,tabnet,0.19430044000930713,0.7012556278554245
4,3,d12,0.13293056156425898,inv_log_d4,tabnet,0.19430044000930713,0.6841495652706268
4,3,rolling,0.1569184675564908,inv_log_d4,tabnet,0.19430044000930713,0.8076073710845653
5,1,d12,0.09411121832175505,inv_log_d4,tabnet,0.1544679384097564,0.609260531930624
5,1,rolling,0.11790605851725257,inv_log_d4,tabnet,0.1544679384097564,0.7633044095175512
5,2,d12,0.17261284150475978,inv_log_d4,tabnet,0.1544679384097564,1.1174671150648134
5,2,rolling,0.11790605851725257,inv_log_d4,tabnet,0.1544679384097564,0.7633044095175512
5,3,d12,0.12036943828359885,inv_log_d4,tabnet,0.1544679384097564,0.7792519245275055
5,3,rolling,0.09944491830852364,inv_log_d4,tabnet,0.1544679384097564,0.6437900274471623
6,1,d12,0.11477252885976405,inv_log_d4,tabnet,0.16861789729322252,0.6806663509756461
6,1,rolling,0.11477252885976405,inv_log_d4,tabnet,0.16861789729322252,0.6806663509756461
6,2,d12,0.11477252885976405,inv_log_d4,tabnet,0.16861789729322252,0.6806663509756461
6,2,rolling,0.11477252885976405,inv_log_d4,tabnet,0.16861789729322252,0.6806663509756461
6,3,d12,0.11477252885976405,inv_log_d4,tabnet,0.16861789729322252,0.6806663509756461
6,3,rolling,0.11477252885976405,inv_log_d4,tabnet,0.16861789729322252,0.6806663509756461
1,1,d12,0.044456184415601674,inv_cap_log_d4,gb,0.04847293100648637,0.9171342333240133
1,1,rolling,0.060877747330821824,inv_cap_log_d4,gb,0.04847293100648637,1.2559122394037925
1,2,d12,0.04290569070911002,inv_cap_log_d4,gb,0.04847293100648637,0.8851474383376698
1,2,rolling,0.05376168448738669,inv_cap_log_d4,gb,0.04847293100648637,1.1091073589132172
1,3,d12,0.04146104353435051,inv_cap_log_d4,gb,0.04847293100648637,0.855344264798067
1,3,rolling,0.053743372112866075,inv_cap_log_d4,gb,0.04847293100648637,1.108729573329792
2,1,d12,0.05976410409886401,inv_cap_log_d4,gb,0.043397326486768556,1.377137923855414
2,1,rolling,0.06993911966617838,inv_cap_log_d4,gb,0.043397326486768556,1.6115997304004932
2,2,d12,0.05345550510744581,inv_cap_log_d4,gb,0.043397326486768556,1.2317695451526005
2,2,rolling,0.07073145561503734,inv_cap_log_d4,gb,0.043397326486768556,1.6298574437898312
2,3,d12,0.04844547300140687,inv_cap_log_d4,gb,0.043397326486768556,1.1163239057174974
2,3,rolling,0.050895677865170276,inv_cap_log_d4,gb,0.043397326486768556,1.1727837170035784
3,1,d12,0.04573409849814698,inv_cap_log_d4,gb,0.04329370117785645,1.0563684151249866
3,1,rolling,0.049396061797321374,inv_cap_log_d4,gb,0.04329370117785645,1.1409526202067037
3,2,d12,0.047345282468944094,inv_cap_log_d4,gb,0.04329370117785645,1.093583620269452
3,2,rolling,0.055531613320076854,inv_cap_log_d4,gb,0.04329370117785645,1.2826718855000496
3,3,d12,0.051349751577527136,inv_cap_log_d4,gb,0.04329370117785645,1.1860790410728648
3,3,rolling,0.06186780893225339,inv_cap_log_d4,gb,0.04329370117785645,1.4290256376578192
4,1,d12,0.0466175645645027,inv_cap_log_d4,gb,0.04476687688075709,1.0413405583033004
4,1,rolling,0.040600230032513215,inv_cap_log_d4,gb,0.04476687688075709,0.9069256749953246
4,2,d12,0.04817640944066534,inv_cap_log_d4,gb,0.04476687688075709,1.0761619482411076
4,2,rolling,0.049849331814854285,inv_cap_log_d4,gb,0.04476687688075709,1.1135315949699827
4,3,d12,0.04766272975281164,inv_cap_log_d4,gb,0.04476687688075709,1.064687400011577
4,3,rolling,0.04228818509379373,inv_cap_log_d4,gb,0.04476687688075709,0.9446311210503759
5,1,d12,0.042578519301056404,inv_cap_log_d4,gb,0.041417295977239886,1.0280371592692736
5,1,rolling,0.03461936758319156,inv_cap_log_d4,gb,0.041417295977239886,0.8358674019234863
5,2,d12,0.03896358059930927,inv_cap_log_d4,gb,0.041417295977239886,0.9407562632944697
5,2,rolling,0.041196404302629594,inv_cap_log_d4,gb,0.041417295977239886,0.9946666804435597
5,3,d12,0.04371089845424803,inv_cap_log_d4,gb,0.041417295977239886,1.0553778903931477
5,3,rolling,0.03417426030134203,inv_cap_log_d4,gb,0.041417295977239886,0.825120508111439
6,1,d12,0.042651722228551174,inv_cap_log_d4,gb,0.04823901689789809,0.8841747815637931
6,1,rolling,0.05706478661053068,inv_cap_log_d4,gb,0.04823901689789809,1.1829591538176052
6,2,d12,0.04303327399510929,inv_cap_log_d4,gb,0.04823901689789809,0.8920843906539971
6,2,rolling,0.05428794750493619,inv_cap_log_d4,gb,0.04823901689789809,1.125394980993107
6,3,d12,0.043690511442286126,inv_cap_log_d4,gb,0.04823901689789809,0.9057089935054179
6,3,rolling,0.05009156390283267,inv_cap_log_d4,gb,0.04823901689789809,1.0384034983311465
1,1,d12,0.04763285573883632,inv_cap_log_d4,ngb,0.04847293100648637,0.9826691877258745
1,1,rolling,0.0685755603233332,inv_cap_log_d4,ngb,0.04847293100648637,1.4147186666751554
1,2,d12,0.039135783646738774,inv_cap_log_d4,ngb,0.04847293100648637,0.8073739886185518
1,2,rolling,0.0653352355599025,inv_cap_log_d4,ngb,0.04847293100648637,1.3478705372934787
1,3,d12,0.038296999444519926,inv_cap_log_d4,ngb,0.04847293100648637,0.7900698111157182
1,3,rolling,0.06247735522945344,inv_cap_log_d4,ngb,0.04847293100648637,1.2889122636527401
2,1,d12,0.06288139676769718,inv_cap_log_d4,ngb,0.043397326486768556,1.4489693688128262
2,1,rolling,0.06880895417149918,inv_cap_log_d4,ngb,0.043397326486768556,1.585557446550962
2,2,d12,0.060551724820393615,inv_cap_log_d4,ngb,0.043397326486768556,1.3952869847605769
2,2,rolling,0.07028498178051391,inv_cap_log_d4,ngb,0.043397326486768556,1.61956939448662
2,3,d12,0.05068361933141789,inv_cap_log_d4,ngb,0.043397326486768556,1.1678972746597849
2,3,rolling,0.07761756017365214,inv_cap_log_d4,ngb,0.043397326486768556,1.7885332221402397
3,1,d12,0.06770084873254198,inv_cap_log_d4,ngb,0.04329370117785645,1.5637574725805408
3,1,rolling,0.07356116765628648,inv_cap_log_d4,ngb,0.04329370117785645,1.6991194020138667
3,2,d12,0.054648646018631626,inv_cap_log_d4,ngb,0.04329370117785645,1.2622770641421373
3,2,rolling,0.06030469675393135,inv_cap_log_d4,ngb,0.04329370117785645,1.3929207970968203
3,3,d12,0.05300592044522599,inv_cap_log_d4,ngb,0.04329370117785645,1.2243333095378106
3,3,rolling,0.06805360231099152,inv_cap_log_d4,ngb,0.04329370117785645,1.5719053917662988
4,1,d12,0.06926342774706179,inv_cap_log_d4,ngb,0.04476687688075709,1.5472025875638975
4,1,rolling,0.050081760853558144,inv_cap_log_d4,ngb,0.04476687688075709,1.1187235818785841
4,2,d12,0.0689214517796882,inv_cap_log_d4,ngb,0.04476687688075709,1.539563547469935
4,2,rolling,0.0626663116127027,inv_cap_log_d4,ngb,0.04476687688075709,1.3998365751451298
4,3,d12,0.05952637800539119,inv_cap_log_d4,ngb,0.04476687688075709,1.329696913276933
4,3,rolling,0.05936751767134599,inv_cap_log_d4,ngb,0.04476687688075709,1.3261482999915266
5,1,d12,0.061454262951956225,inv_cap_log_d4,ngb,0.041417295977239886,1.4837825961822153
5,1,rolling,0.03190702775667123,inv_cap_log_d4,ngb,0.041417295977239886,0.7703793066115459
5,2,d12,0.05711590443354525,inv_cap_log_d4,ngb,0.041417295977239886,1.3790350887448626
5,2,rolling,0.03429715966041601,inv_cap_log_d4,ngb,0.041417295977239886,0.8280878519752565
5,3,d12,0.05153908472081549,inv_cap_log_d4,ngb,0.041417295977239886,1.2443855520924845
5,3,rolling,0.03776818854886919,inv_cap_log_d4,ngb,0.041417295977239886,0.9118941171249808
6,1,d12,0.042666470193348925,inv_cap_log_d4,ngb,0.04823901689789809,0.8844805084576262
6,1,rolling,0.0412108722573303,inv_cap_log_d4,ngb,0.04823901689789809,0.8543058069478603
6,2,d12,0.040889450100178575,inv_cap_log_d4,ngb,0.04823901689789809,0.8476426911171202
6,2,rolling,0.03608223525725217,inv_cap_log_d4,ngb,0.04823901689789809,0.7479886112443633
6,3,d12,0.04829219714383702,inv_cap_log_d4,ngb,0.04823901689789809,1.0011024322085893
6,3,rolling,0.03536665012171623,inv_cap_log_d4,ngb,0.04823901689789809,0.7331544545481243
1,1,d12,0.06297216220986164,inv_cap_log_d4,tabnet,0.04847293100648637,1.2991201667057242
1,1,rolling,0.06278530571465946,inv_cap_log_d4,tabnet,0.04847293100648637,1.2952653039746633
1,2,d12,0.07915449989619826,inv_cap_log_d4,tabnet,0.04847293100648637,1.6329629393693206
1,2,rolling,0.10660184299688492,inv_cap_log_d4,tabnet,0.04847293100648637,2.1992035716309393
1,3,d12,0.06235930332828569,inv_cap_log_d4,tabnet,0.04847293100648637,1.286476844570037
1,3,rolling,0.03358420050216408,inv_cap_log_d4,tabnet,0.04847293100648637,0.6928444351275156
2,1,d12,0.03331557857078087,inv_cap_log_d4,tabnet,0.043397326486768556,0.767687350070712
2,1,rolling,0.043261064584630415,inv_cap_log_d4,tabnet,0.043397326486768556,0.9968601314143237
2,2,d12,0.047939046090090025,inv_cap_log_d4,tabnet,0.043397326486768556,1.1046543640126356
2,2,rolling,0.07654895409690154,inv_cap_log_d4,tabnet,0.043397326486768556,1.7639094454410829
2,3,d12,0.07846456452843618,inv_cap_log_d4,tabnet,0.043397326486768556,1.8080506538198684
2,3,rolling,0.038386320434273875,inv_cap_log_d4,tabnet,0.043397326486768556,0.8845319180198234
3,1,d12,0.05623706433277038,inv_cap_log_d4,tabnet,0.04329370117785645,1.2989664270499957
3,1,rolling,0.052629309120758104,inv_cap_log_d4,tabnet,0.04329370117785645,1.215634322982683
3,2,d12,0.062246952221376,inv_cap_log_d4,tabnet,0.04329370117785645,1.4377831076547833
3,2,rolling,0.06687117413409242,inv_cap_log_d4,tabnet,0.04329370117785645,1.544593608649362
3,3,d12,0.09546454542769768,inv_cap_log_d4,tabnet,0.04329370117785645,2.2050446792598364
3,3,rolling,0.06352368061606074,inv_cap_log_d4,tabnet,0.04329370117785645,1.4672730417548911
4,1,d12,0.06197083962525975,inv_cap_log_d4,tabnet,0.04476687688075709,1.3843011606623319
4,1,rolling,0.05532546191723958,inv_cap_log_d4,tabnet,0.04476687688075709,1.2358570839017156
4,2,d12,0.055191858716607645,inv_cap_log_d4,tabnet,0.04476687688075709,1.2328726630544045
4,2,rolling,0.05297822303232502,inv_cap_log_d4,tabnet,0.04476687688075709,1.183424592549532
4,3,d12,0.05652227704134229,inv_cap_log_d4,tabnet,0.04476687688075709,1.262591473421239
4,3,rolling,0.05655753931881856,inv_cap_log_d4,tabnet,0.04476687688075709,1.2633791602096247
5,1,d12,0.0674879288874239,inv_cap_log_d4,tabnet,0.041417295977239886,1.629462457532492
5,1,rolling,0.04296322974762318,inv_cap_log_d4,tabnet,0.041417295977239886,1.037325801549981
5,2,d12,0.07013278449126856,inv_cap_log_d4,tabnet,0.041417295977239886,1.6933211798715382
5,2,rolling,0.04296322974762318,inv_cap_log_d4,tabnet,0.041417295977239886,1.037325801549981
5,3,d12,0.061541803559469775,inv_cap_log_d4,tabnet,0.041417295977239886,1.4858962205859345
5,3,rolling,0.0636490985257027,inv_cap_log_d4,tabnet,0.041417295977239886,1.5367758088475862
6,1,d12,0.04174367659452434,inv_cap_log_d4,tabnet,0.04823901689789809,0.8653508980682239
6,1,rolling,0.04174367659452434,inv_cap_log_d4,tabnet,0.04823901689789809,0.8653508980682239
6,2,d12,0.04174367659452434,inv_cap_log_d4,tabnet,0.04823901689789809,0.8653508980682239
6,2,rolling,0.04174367659452434,inv_cap_log_d4,tabnet,0.04823901689789809,0.8653508980682239
6,3,d12,0.04174367659452434,inv_cap_log_d4,tabnet,0.04823901689789809,0.8653508980682239
6,3,rolling,0.04174367659452434,inv_cap_log_d4,tabnet,0.04823901689789809,0.8653508980682239
1,3,d12,0.017546789029323405,cons_log_d4,mfbvar,0.03060899086149272,0.5732560445629697
1,2,d12,0.016236885515544315,cons_log_d4,mfbvar,0.03060899086149272,0.5304613140961448
1,1,d12,0.02093731430673329,cons_log_d4,mfbvar,0.03060899086149272,0.6840249781992399
2,3,d12,0.03355391713777851,cons_log_d4,mfbvar,0.05792738456002059,0.5792410168805762
2,2,d12,0.05349208854301332,cons_log_d4,mfbvar,0.05792738456002059,0.9234335185215948
2,1,d12,0.05638902905013445,cons_log_d4,mfbvar,0.05792738456002059,0.9734433805087093
3,3,d12,0.06514249092955252,cons_log_d4,mfbvar,0.0741242677227664,0.8788281210843553
3,2,d12,0.06552838048742465,cons_log_d4,mfbvar,0.0741242677227664,0.8840341024684198
3,1,d12,0.07096472949747622,cons_log_d4,mfbvar,0.0741242677227664,0.9573751171868945
4,3,d12,0.07323602943812364,cons_log_d4,mfbvar,0.08586738334517736,0.8528969509146788
4,2,d12,0.0660722115324934,cons_log_d4,mfbvar,0.08586738334517736,0.7694680908918633
4,1,d12,0.06945320794660952,cons_log_d4,mfbvar,0.08586738334517736,0.8088427204939426
5,3,d12,0.06144195888530373,cons_log_d4,mfbvar,0.11373014489491921,0.5402433887873169
5,2,d12,0.057983986846260036,cons_log_d4,mfbvar,0.11373014489491921,0.509838327383072
5,1,d12,0.061656764219104376,cons_log_d4,mfbvar,0.11373014489491921,0.5421321170044411
6,3,d12,0.0347668059048186,cons_log_d4,mfbvar,0.1026834217086229,0.33858246371526046
6,2,d12,0.04189247123904955,cons_log_d4,mfbvar,0.1026834217086229,0.407976969816264
6,1,d12,0.053062631190350006,cons_log_d4,mfbvar,0.1026834217086229,0.5167594759446358
1,3,d12,0.010481492987217202,gdp_log_d4,mfbvar,0.02123136973148321,0.4936795468110842
1,2,d12,0.011743712506139786,gdp_log_d4,mfbvar,0.02123136973148321,0.5531302339257683
1,1,d12,0.01202112199670558,gdp_log_d4,mfbvar,0.02123136973148321,0.5661962534089312
2,3,d12,0.018562280117173997,gdp_log_d4,mfbvar,0.03720575352968727,0.49890886102771054
2,2,d12,0.024548814653052423,gdp_log_d4,mfbvar,0.03720575352968727,0.6598123226684388
2,1,d12,0.024257615204671214,gdp_log_d4,mfbvar,0.03720575352968727,0.651985591027354
3,3,d12,0.0327005290311053,gdp_log_d4,mfbvar,0.0499490442140777,0.6546777730311192
3,2,d12,0.03852968844988065,gdp_log_d4,mfbvar,0.0499490442140777,0.7713798943728617
3,1,d12,0.04136540545682267,gdp_log_d4,mfbvar,0.0499490442140777,0.8281520919506242
4,3,d12,0.047003959866034645,gdp_log_d4,mfbvar,0.059486449780138693,0.7901624662382912
4,2,d12,0.047363297090903006,gdp_log_d4,mfbvar,0.059486449780138693,0.7962031229961993
4,1,d12,0.04841603155146694,gdp_log_d4,mfbvar,0.059486449780138693,0.8139001693732286
5,3,d12,0.04602304309495902,gdp_log_d4,mfbvar,0.06857679178703187,0.6711168880265722
5,2,d12,0.04747573416450449,gdp_log_d4,mfbvar,0.06857679178703187,0.6923003092933013
5,1,d12,0.04778208678979891,gdp_log_d4,mfbvar,0.06857679178703187,0.6967676023426147
6,3,d12,0.03116956789646855,gdp_log_d4,mfbvar,0.0620798476173852,0.5020883441688675
6,2,d12,0.03811651820618993,gdp_log_d4,mfbvar,0.0620798476173852,0.613991813271068
6,1,d12,0.03833603800174542,gdp_log_d4,mfbvar,0.0620798476173852,0.6175279011317929
1,3,d12,0.07522649050716208,inv_cap_log_d4,mfbvar,0.04847293100648637,1.5519278274527222
1,2,d12,0.0699780599002191,inv_cap_log_d4,mfbvar,0.04847293100648637,1.4436523322853128
1,1,d12,0.06791216857343985,inv_cap_log_d4,mfbvar,0.04847293100648637,1.4010328478868388
2,3,d12,0.07589163003605996,inv_cap_log_d4,mfbvar,0.043397326486768556,1.7487627966943682
2,2,d12,0.07104472945597018,inv_cap_log_d4,mfbvar,0.043397326486768556,1.6370761797418802
2,1,d12,0.06262136153428433,inv_cap_log_d4,mfbvar,0.043397326486768556,1.4429774044577839
3,3,d12,0.07071909887907613,inv_cap_log_d4,mfbvar,0.04329370117785645,1.6334731601844894
3,2,d12,0.056916176695271034,inv_cap_log_d4,mfbvar,0.04329370117785645,1.3146525971861724
3,1,d12,0.07436442961182195,inv_cap_log_d4,mfbvar,0.04329370117785645,1.7176731854438292
4,3,d12,0.07796684825383933,inv_cap_log_d4,mfbvar,0.04476687688075709,1.7416191096268578
4,2,d12,0.07111623610192579,inv_cap_log_d4,mfbvar,0.04476687688075709,1.5885905173004127
4,1,d12,0.09658924303971096,inv_cap_log_d4,mfbvar,0.04476687688075709,2.1576051261514193
5,3,d12,0.06564877659218386,inv_cap_log_d4,mfbvar,0.041417295977239886,1.5850570406204196
5,2,d12,0.0825423145521573,inv_cap_log_d4,mfbvar,0.041417295977239886,1.9929431075731479
5,1,d12,0.09799578508474895,inv_cap_log_d4,mfbvar,0.041417295977239886,2.366059463143145
6,3,d12,0.07409171132086502,inv_cap_log_d4,mfbvar,0.04823901689789809,1.5359291313437484
6,2,d12,0.07994444215938878,inv_cap_log_d4,mfbvar,0.04823901689789809,1.6572568700684318
6,1,d12,0.09574267408728547,inv_cap_log_d4,mfbvar,0.04823901689789809,1.9847559142826818
1,3,d12,0.12080314841027227,inv_log_d4,mfbvar,0.14667501142462544,0.8236109698368872
1,2,d12,0.1501420196823543,inv_log_d4,mfbvar,0.14667501142462544,1.023637347793973
1,1,d12,0.14199052095105516,inv_log_d4,mfbvar,0.14667501142462544,0.9680621093663416
2,3,d12,0.1383569092740992,inv_log_d4,mfbvar,0.1415110562865394,0.9777109499765622
2,2,d12,0.17087357286082425,inv_log_d4,mfbvar,0.1415110562865394,1.2074927383400347
2,1,d12,0.10850807103650341,inv_log_d4,mfbvar,0.1415110562865394,0.7667815779481589
3,3,d12,0.11479834521920246,inv_log_d4,mfbvar,0.15984665446365498,0.7181779662789542
3,2,d12,0.09818541135691988,inv_log_d4,mfbvar,0.15984665446365498,0.6142475217036508
3,1,d12,0.09448991509438859,inv_log_d4,mfbvar,0.15984665446365498,0.5911285125824961
4,3,d12,0.10513906580145185,inv_log_d4,mfbvar,0.19430044000930713,0.5411159428996436
4,2,d12,0.12841630110538657,inv_log_d4,mfbvar,0.19430044000930713,0.6609161621004839
4,1,d12,0.17719502514669005,inv_log_d4,mfbvar,0.19430044000930713,0.9119640961091097
5,3,d12,0.11251103095969762,inv_log_d4,mfbvar,0.1544679384097564,0.7283778894053737
5,2,d12,0.1659384735180239,inv_log_d4,mfbvar,0.1544679384097564,1.0742583556585035
5,1,d12,0.1978038063034177,inv_log_d4,mfbvar,0.1544679384097564,1.2805492734596124
6,3,d12,0.1652063901458623,inv_log_d4,mfbvar,0.16861789729322252,0.9797678229765392
6,2,d12,0.19841842733365844,inv_log_d4,mfbvar,0.16861789729322252,1.176734086468968
6,1,d12,0.20907504072495556,inv_log_d4,mfbvar,0.16861789729322252,1.2399338627819503
2,2,d12,0.03231119510873987,gdp_log_d4,dfm,0.03720575352968727,0.8684461956390179
3,1,d12,0.05408283759756087,gdp_log_d4,dfm,0.0499490442140777,1.082760209900435
4,3,d12,0.1302019771626831,gdp_log_d4,dfm,0.059486449780138693,2.188766982126321
1,2,d12,0.01806878068527057,gdp_log_d4,dfm,0.02123136973148321,0.8510416856655765
4,1,d12,0.0630649624816603,gdp_log_d4,dfm,0.059486449780138693,1.060156770403138
6,1,d12,0.06020806642226774,gdp_log_d4,dfm,0.0620798476173852,0.9698488113783115
1,1,d12,0.022124503622095854,gdp_log_d4,dfm,0.02123136973148321,1.042066710810855
4,2,d12,0.08206854850865988,gdp_log_d4,dfm,0.059486449780138693,1.3796175231835888
2,3,d12,0.07730348169564569,gdp_log_d4,dfm,0.03720575352968727,2.077729231688953
3,3,d12,0.11147187634239973,gdp_log_d4,dfm,0.0499490442140777,2.2317118995238423
3,2,d12,0.06562675498666601,gdp_log_d4,dfm,0.0499490442140777,1.3138740894699579
6,3,d12,0.11662892969815664,gdp_log_d4,dfm,0.0620798476173852,1.8786922676900257
6,2,d12,0.08113378808195068,gdp_log_d4,dfm,0.0620798476173852,1.3069263407668144
2,1,d12,0.03909016900627738,gdp_log_d4,dfm,0.03720575352968727,1.0506484964774736
5,2,d12,0.0808845005154748,gdp_log_d4,dfm,0.06857679178703187,1.179473381704193
5,3,d12,0.11654338875881817,gdp_log_d4,dfm,0.06857679178703187,1.699458165391414
5,1,d12,0.06428027580546246,gdp_log_d4,dfm,0.06857679178703187,0.937347375553636
1,3,d12,0.024828135192942472,gdp_log_d4,dfm,0.02123136973148321,1.1694080743234267
2,2,d12,0.11288898179733112,cons_log_d4,dfm,0.05792738456002059,1.9488016359579101
3,1,d12,0.13823690555500298,cons_log_d4,dfm,0.0741242677227664,1.864934518773602
4,3,d12,0.1920392097798255,cons_log_d4,dfm,0.08586738334517736,2.2364628139167717
1,2,d12,0.06917255653183936,cons_log_d4,dfm,0.03060899086149272,2.2598770683048253
4,1,d12,0.16872658850459832,cons_log_d4,dfm,0.08586738334517736,1.964967161353178
6,1,d12,0.1941549874507083,cons_log_d4,dfm,0.1026834217086229,1.8908114301220647
1,1,d12,0.07615949209983952,cons_log_d4,dfm,0.03060899086149272,2.4881412276695167
4,2,d12,0.15689891719882812,cons_log_d4,dfm,0.08586738334517736,1.8272236917726008
2,3,d12,0.15190406808443394,cons_log_d4,dfm,0.05792738456002059,2.6223187744138667
3,3,d12,0.1738867068609038,cons_log_d4,dfm,0.0741242677227664,2.34588094025105
3,2,d12,0.14096130534777554,cons_log_d4,dfm,0.0741242677227664,1.9016890106083426
6,3,d12,0.19345165361525626,cons_log_d4,dfm,0.1026834217086229,1.8839618937144462
6,2,d12,0.15608426345382012,cons_log_d4,dfm,0.1026834217086229,1.5200531970655284
2,1,d12,0.11376447860233492,cons_log_d4,dfm,0.05792738456002059,1.9639153306578094
5,2,d12,0.1602222782075022,cons_log_d4,dfm,0.11373014489491921,1.4087934061416991
5,3,d12,0.18669396388658258,cons_log_d4,dfm,0.11373014489491921,1.641552150127639
5,1,d12,0.17714149582521585,cons_log_d4,dfm,0.11373014489491921,1.557559748023582
1,3,d12,0.08555253991940188,cons_log_d4,dfm,0.03060899086149272,2.795013409835417
2,2,d12,0.16646222642519481,inv_log_d4,dfm,0.1415110562865394,1.176319580910575
3,1,d12,0.10225249200755487,inv_log_d4,dfm,0.15984665446365498,0.6396911611985252
4,3,d12,0.0871520342173923,inv_log_d4,dfm,0.19430044000930713,0.4485426497913111
1,2,d12,0.14608283046853757,inv_log_d4,dfm,0.14667501142462544,0.9959626322825126
4,1,d12,0.11432162600502335,inv_log_d4,dfm,0.19430044000930713,0.5883755384164198
6,1,d12,0.10247510273231586,inv_log_d4,dfm,0.16861789729322252,0.6077356222401119
1,1,d12,0.12884868361982837,inv_log_d4,dfm,0.14667501142462544,0.8784637708110369
4,2,d12,0.18666898109888155,inv_log_d4,dfm,0.19430044000930713,0.9607234090151313
2,3,d12,0.11489219264509959,inv_log_d4,dfm,0.1415110562865394,0.811895520110171
3,3,d12,0.10786348713126133,inv_log_d4,dfm,0.15984665446365498,0.6747935231624551
3,2,d12,0.1722371943451066,inv_log_d4,dfm,0.15984665446365498,1.077515165538037
6,3,d12,0.09639668564457793,inv_log_d4,dfm,0.16861789729322252,0.5716871529772808
6,2,d12,0.16163721809245657,inv_log_d4,dfm,0.16861789729322252,0.9586006034185878
2,1,d12,0.11981042716250984,inv_log_d4,dfm,0.1415110562865394,0.8466506455856783
5,2,d12,0.1873355590538807,inv_log_d4,dfm,0.1544679384097564,1.212779564371064
5,3,d12,0.08600491137484009,inv_log_d4,dfm,0.1544679384097564,0.5567816354659648
5,1,d12,0.10487178778217192,inv_log_d4,dfm,0.1544679384097564,0.6789226868813321
1,3,d12,0.1041058839872886,inv_log_d4,dfm,0.14667501142462544,0.7097724620992266
2,2,d12,0.08588198635855267,inv_cap_log_d4,dfm,0.043397326486768556,1.9789695198098733
3,1,d12,0.07763027751468257,inv_cap_log_d4,dfm,0.04329370117785645,1.7931078979772779
4,3,d12,0.21933505191091243,inv_cap_log_d4,dfm,0.04476687688075709,4.89949416161289
1,2,d12,0.09019482276926875,inv_cap_log_d4,dfm,0.04847293100648637,1.8607255822264883
4,1,d12,0.08151111881188637,inv_cap_log_d4,dfm,0.04476687688075709,1.8207908277587193
6,1,d12,0.07174361819617885,inv_cap_log_d4,dfm,0.04823901689789809,1.487252908740454
1,1,d12,0.08389690352088272,inv_cap_log_d4,dfm,0.04847293100648637,1.7307990620508613
4,2,d12,0.096271007088525,inv_cap_log_d4,dfm,0.04476687688075709,2.1504963892155455
2,3,d12,0.12056687138062912,inv_cap_log_d4,dfm,0.043397326486768556,2.7782096534768987
3,3,d12,0.1705697099749853,inv_cap_log_d4,dfm,0.04329370117785645,3.939827396005289
3,2,d12,0.08110513529698023,inv_cap_log_d4,dfm,0.04329370117785645,1.8733703307968341
6,3,d12,0.22177090099590743,inv_cap_log_d4,dfm,0.04823901689789809,4.597334590489356
6,2,d12,0.09367775230526841,inv_cap_log_d4,dfm,0.04823901689789809,1.9419498640186883
2,1,d12,0.08672343707251276,inv_cap_log_d4,dfm,0.043397326486768556,1.998358979531929
5,2,d12,0.08745901984268122,inv_cap_log_d4,dfm,0.041417295977239886,2.111654510008155
5,3,d12,0.22856952780181147,inv_cap_log_d4,dfm,0.041417295977239886,5.518697500856107
5,1,d12,0.07377836472953583,inv_cap_log_d4,dfm,0.041417295977239886,1.781341900496821
1,3,d12,0.07291052819491184,inv_cap_log_d4,dfm,0.04847293100648637,1.5041493609114616
